{"cameraMode":{"drawMode":0,"name":"Shaded","section":"Shading Mode"},"sceneLighting":false,"audioPlay":false,"sceneViewState":{"showFog":true,"showMaterialUpdate":false,"showSkybox":false,"showFlares":true,"showImageEffects":true,"showParticleSystems":true},"in2DMode":false,"pivot":{"x":0.07767629623413086,"y":3.996807813644409,"z":0.21988821029663087},"rotation":{"x":0.07239934056997299,"y":0.3643801212310791,"z":-0.028857562690973283,"w":0.9281902313232422},"size":10.71908187866211,"orthographic":false}