{"cameraMode":{"drawMode":0,"name":"Shaded","section":"Shading Mode"},"sceneLighting":false,"audioPlay":false,"sceneViewState":{"showFog":true,"showMaterialUpdate":false,"showSkybox":false,"showFlares":true,"showImageEffects":true,"showParticleSystems":true},"in2DMode":false,"pivot":{"x":0.0,"y":4.739999771118164,"z":2.7100000381469728},"rotation":{"x":0.4671265184879303,"y":-0.0021303044632077219,"z":0.0010795691050589085,"w":0.8842678666114807},"size":4.898979663848877,"orthographic":false}