{"cameraMode":{"drawMode":0,"name":"Shaded","section":"Shading Mode"},"sceneLighting":true,"audioPlay":false,"sceneViewState":{"showFog":true,"showMaterialUpdate":false,"showSkybox":true,"showFlares":true,"showImageEffects":true,"showParticleSystems":true},"in2DMode":false,"pivot":{"x":31.4626407623291,"y":-10.303949356079102,"z":47.22750473022461},"rotation":{"x":0.2707897126674652,"y":0.04812229797244072,"z":-0.013946758583188057,"w":0.9616410136222839},"size":46.6195068359375,"orthographic":false}