{"cameraMode":{"drawMode":0,"name":"Shaded","section":"Shading Mode"},"sceneLighting":false,"audioPlay":false,"sceneViewState":{"showFog":true,"showMaterialUpdate":false,"showSkybox":false,"showFlares":true,"showImageEffects":true,"showParticleSystems":true},"in2DMode":false,"pivot":{"x":4.960000514984131,"y":5.534999370574951,"z":4.675197601318359},"rotation":{"x":0.3173389434814453,"y":0.21014757454395295,"z":-0.07235469669103623,"w":0.9219667315483093},"size":8.689044952392579,"orthographic":false}