{"cameraMode":{"drawMode":0,"name":"Shaded","section":"Shading Mode"},"sceneLighting":true,"audioPlay":false,"sceneViewState":{"showFog":true,"showMaterialUpdate":false,"showSkybox":true,"showFlares":true,"showImageEffects":true,"showParticleSystems":true},"in2DMode":false,"pivot":{"x":30.9119930267334,"y":47.8444709777832,"z":-16.091577529907228},"rotation":{"x":0.4482625126838684,"y":-0.07587619125843048,"z":0.03786347806453705,"w":0.8901090025901794},"size":0.8712345957756043,"orthographic":false}